,id,总价,均价,面积,市区,样本数量
0,1732.241439349971,104.94760301799154,11732.51857225769,89.6536215902496,1,3446
1,5211.468614405554,116.64406421752925,12302.391090540932,94.32661556262659,2,3457
2,8690.966715328466,139.75031240875873,13594.814890510948,99.39379854014597,3,3425
3,12145.233183856502,109.33237668161419,11635.180568011958,91.23372795216738,4,3345
