,id,总价,均价,面积,市区,样本数量
0,1757.185534591195,107.40857918810714,12085.825042881646,88.69924528301877,1,3498
1,5255.258550724638,114.77661449275332,12301.503768115943,92.26693043478267,2,3450
2,8746.140233236152,135.71883090378972,13481.87055393586,97.57061516034985,3,3430
3,11994.204005431093,110.95535641547858,12037.929735234216,90.06101493550585,4,2946
