,id,总价,均价,面积,市区,样本数量
0,5309.457313432836,106.95737313432802,11786.180099502488,89.73023482587054,1,5025
1,5212.283035199077,115.34408251586821,12562.12665897288,91.03398153491055,2,3466
2,8713.154225965727,142.13276212605243,13725.14957885565,99.16458030787095,3,3443
3,11354.20520231214,115.2137687861271,11969.618497109826,94.14717341040458,4,1730
