,id,总价,均价,面积,市区,样本数量
0,1734.59617612978,101.0304779837772,11414.036790266513,89.62789687137882,1,3452
1,5199.858399296394,113.25569041336814,12140.250366461449,92.09302257402516,2,3411
2,8663.753364540667,133.79154768870654,13284.691047396138,97.92564365125803,3,3418
3,11509.419030192132,110.46640439158281,12317.120311070448,87.78467978042083,4,2186
